USE `parking_system` ;

LOCK TABLES `zone` WRITE;
INSERT INTO `zone` (`zone_name`,`hourly_fee`, `daily_fee`) VALUES 
  ('A', 300, 2800),
  ('B', 100, 1200),
  ('C', 150, 1500),
  ('D', 50, 400);
UNLOCK TABLES;

LOCK TABLES `parking_meter` WRITE;
INSERT INTO `parking_meter` (`zone_id`,`street_name`) VALUES 
  (1, 'Cathedral Lane'),
  (1, 'Kingwood Lane'),
  (1, 'Law Avenue'),
  (1, 'Hart Street'),
  (1, 'Garnet Way'),
  (2, 'Highland Boulevard'),
  (2, 'Garden Route'),
  (2, 'Dew Row'),
  (3, 'Nova Street'),
  (3, 'Rose Street'),
  (3, 'Lumber Route'),
  (3, 'Paradise Route'),
  (4, 'Prospect Passage'),
  (4, 'Lotus Avenue'),
  (4, 'Senna Way'),
  (4, 'Manor Way'),
  (4, 'Innovation Avenue');
UNLOCK TABLES;

LOCK TABLES `fee` WRITE;
INSERT INTO `fee`  (`parking_meter_id`, `vehicule_plate`, `fee_amount`, `date_creation`, `date_end_validity`) VALUES 
  (1, 'PLATE_A', 300, NOW(), DATE_ADD(NOW(), INTERVAL 1 HOUR)),
  (2, 'PLATE_B', 1200,NOW(), DATE_ADD(NOW(), INTERVAL 1 DAY)),
  (9, 'PLATE_C', 150, NOW(), DATE_ADD(NOW(), INTERVAL 1 HOUR)),
  (1, 'PLATE_A', 2800, NOW(), DATE_ADD(NOW(), INTERVAL 1 DAY));
UNLOCK TABLES;

LOCK TABLES `operator` WRITE;
INSERT INTO `operator` (`username`, `password`, `salt`, `date_creation`,`is_active`) VALUES 
  ('operator_1', 'SHA_256_WITH_SALT_AND_DATE_CREATION_AND_SECRET', 'LONG_SALT_STRING', '2023-07-19 18:51:04', 1),
  ('operator_2', 'XXXXXXXXXXXXX', 'YYYYYYYYYYYYY', '2023-07-19 18:51:04', 1),
  ('operator_3', 'XXXXXXXXXXXXX', 'YYYYYYYYYYYYY', '2023-07-20 18:51:04', 1),
  ('operator_4', 'XXXXXXXXXXXXX', 'YYYYYYYYYYYYY', '2022-07-19 18:51:04', 0),
  ('operator_5', 'XXXXXXXXXXXXX', 'YYYYYYYYYYYYY', '2023-08-19 18:51:04', 1);
UNLOCK TABLES;

LOCK TABLES `violation` WRITE;
INSERT INTO `violation` (`parking_meter_id`, `operator_id`, `vehicule_plate`, `fee_amount`, `date_creation`, `payment_status`, `reason`, `date_payment_due`) VALUES 
  (1, 1, 'PLATE_D', 2800, NOW(), 'AWAITING_PAYMENT', 'No ticket found on windshield',DATE_ADD(NOW(), INTERVAL 1 DAY));
UNLOCK TABLES;


LOCK TABLES `archive_fee` WRITE;
INSERT INTO `archive_fee`  (`uuid`, `vehicule_plate`, `fee_amount`, `date_creation`, `zone_name`) VALUES 
  (UUID_TO_BIN(UUID()), 'PLATE_A', 1300, DATE_SUB(NOW(), INTERVAL 1 MONTH), 'A'),
  (UUID_TO_BIN(UUID()), 'PLATE_B', 200, DATE_SUB(NOW(), INTERVAL 2 MONTH), 'A'),
  (UUID_TO_BIN(UUID()), 'PLATE_C', 400, DATE_SUB(NOW(), INTERVAL 3 MONTH), 'A'),
  (UUID_TO_BIN(UUID()), 'PLATE_D', 500, DATE_SUB(NOW(), INTERVAL 4 MONTH), 'A'),
  (UUID_TO_BIN(UUID()), 'PLATE_D', 600, DATE_SUB(NOW(), INTERVAL 5 MONTH), 'A'),
  (UUID_TO_BIN(UUID()), 'PLATE_B', 630, DATE_SUB(NOW(), INTERVAL 6 MONTH), 'A'),
  (UUID_TO_BIN(UUID()), 'PLATE_C', 620, DATE_SUB(NOW(), INTERVAL 7 MONTH), 'A'),
  (UUID_TO_BIN(UUID()), 'PLATE_A', 610, DATE_SUB(NOW(), INTERVAL 8 MONTH), 'A'),
  (UUID_TO_BIN(UUID()), 'PLATE_A', 1300, DATE_SUB(NOW(), INTERVAL 1 MONTH), 'B'),
  (UUID_TO_BIN(UUID()), 'PLATE_B', 200, DATE_SUB(NOW(), INTERVAL 2 MONTH), 'B'),
  (UUID_TO_BIN(UUID()), 'PLATE_C', 400, DATE_SUB(NOW(), INTERVAL 3 MONTH), 'B'),
  (UUID_TO_BIN(UUID()), 'PLATE_D', 500, DATE_SUB(NOW(), INTERVAL 4 MONTH), 'B'),
  (UUID_TO_BIN(UUID()), 'PLATE_D', 600, DATE_SUB(NOW(), INTERVAL 5 MONTH), 'B'),
  (UUID_TO_BIN(UUID()), 'PLATE_B', 630, DATE_SUB(NOW(), INTERVAL 6 MONTH), 'B'),
  (UUID_TO_BIN(UUID()), 'PLATE_C', 620, DATE_SUB(NOW(), INTERVAL 7 MONTH), 'B'),
  (UUID_TO_BIN(UUID()), 'PLATE_A', 1300, DATE_SUB(NOW(), INTERVAL 1 MONTH), 'C'),
  (UUID_TO_BIN(UUID()), 'PLATE_B', 200, DATE_SUB(NOW(), INTERVAL 2 MONTH), 'C'),
  (UUID_TO_BIN(UUID()), 'PLATE_C', 400, DATE_SUB(NOW(), INTERVAL 3 MONTH), 'C'),
  (UUID_TO_BIN(UUID()), 'PLATE_D', 500, DATE_SUB(NOW(), INTERVAL 4 MONTH), 'C'),
  (UUID_TO_BIN(UUID()), 'PLATE_D', 600, DATE_SUB(NOW(), INTERVAL 5 MONTH), 'C'),
  (UUID_TO_BIN(UUID()), 'PLATE_B', 630, DATE_SUB(NOW(), INTERVAL 6 MONTH), 'C'),
  (UUID_TO_BIN(UUID()), 'PLATE_C', 620, DATE_SUB(NOW(), INTERVAL 7 MONTH), 'C'),
  (UUID_TO_BIN(UUID()), 'PLATE_A', 1300, DATE_SUB(NOW(), INTERVAL 1 MONTH), 'C'),
  (UUID_TO_BIN(UUID()), 'PLATE_B', 200, DATE_SUB(NOW(), INTERVAL 2 MONTH), 'D'),
  (UUID_TO_BIN(UUID()), 'PLATE_C', 400, DATE_SUB(NOW(), INTERVAL 3 MONTH), 'D'),
  (UUID_TO_BIN(UUID()), 'PLATE_D', 500, DATE_SUB(NOW(), INTERVAL 4 MONTH), 'D'),
  (UUID_TO_BIN(UUID()), 'PLATE_D', 600, DATE_SUB(NOW(), INTERVAL 5 MONTH), 'D'),
  (UUID_TO_BIN(UUID()), 'PLATE_B', 630, DATE_SUB(NOW(), INTERVAL 6 MONTH), 'D'),
  (UUID_TO_BIN(UUID()), 'PLATE_C', 620, DATE_SUB(NOW(), INTERVAL 7 MONTH), 'D'),
  (UUID_TO_BIN(UUID()), 'PLATE_A', 1300,DATE_SUB(DATE_SUB(NOW(), INTERVAL 1 MONTH), INTERVAL 1 YEAR), 'A'),
  (UUID_TO_BIN(UUID()), 'PLATE_B', 200, DATE_SUB(DATE_SUB(NOW(), INTERVAL 2 MONTH), INTERVAL 1 YEAR), 'A'),
  (UUID_TO_BIN(UUID()), 'PLATE_C', 400, DATE_SUB(DATE_SUB(NOW(), INTERVAL 3 MONTH), INTERVAL 1 YEAR), 'A'),
  (UUID_TO_BIN(UUID()), 'PLATE_D', 500, DATE_SUB(DATE_SUB(NOW(), INTERVAL 4 MONTH), INTERVAL 1 YEAR), 'A'),
  (UUID_TO_BIN(UUID()), 'PLATE_D', 600, DATE_SUB(DATE_SUB(NOW(), INTERVAL 5 MONTH), INTERVAL 1 YEAR), 'A'),
  (UUID_TO_BIN(UUID()), 'PLATE_B', 630, DATE_SUB(DATE_SUB(NOW(), INTERVAL 6 MONTH), INTERVAL 1 YEAR), 'A'),
  (UUID_TO_BIN(UUID()), 'PLATE_C', 620, DATE_SUB(DATE_SUB(NOW(), INTERVAL 7 MONTH), INTERVAL 1 YEAR), 'A'),
  (UUID_TO_BIN(UUID()), 'PLATE_A', 610, DATE_SUB(DATE_SUB(NOW(), INTERVAL 8 MONTH), INTERVAL 1 YEAR), 'A'),
  (UUID_TO_BIN(UUID()), 'PLATE_A', 1300, DATE_SUB(DATE_SUB(NOW(), INTERVAL 1 MONTH), INTERVAL 1 YEAR), 'B'),
  (UUID_TO_BIN(UUID()), 'PLATE_B', 200, DATE_SUB(DATE_SUB(NOW(), INTERVAL 2 MONTH), INTERVAL 1 YEAR), 'B'),
  (UUID_TO_BIN(UUID()), 'PLATE_C', 400, DATE_SUB(DATE_SUB(NOW(), INTERVAL 3 MONTH), INTERVAL 1 YEAR), 'B'),
  (UUID_TO_BIN(UUID()), 'PLATE_D', 500, DATE_SUB(DATE_SUB(NOW(), INTERVAL 4 MONTH), INTERVAL 1 YEAR), 'B'),
  (UUID_TO_BIN(UUID()), 'PLATE_D', 600, DATE_SUB(DATE_SUB(NOW(), INTERVAL 5 MONTH), INTERVAL 1 YEAR), 'B'),
  (UUID_TO_BIN(UUID()), 'PLATE_B', 630, DATE_SUB(DATE_SUB(NOW(), INTERVAL 6 MONTH), INTERVAL 1 YEAR), 'B'),
  (UUID_TO_BIN(UUID()), 'PLATE_C', 620, DATE_SUB(DATE_SUB(NOW(), INTERVAL 7 MONTH), INTERVAL 1 YEAR), 'B'),
  (UUID_TO_BIN(UUID()), 'PLATE_A', 1300, DATE_SUB(DATE_SUB(NOW(), INTERVAL 1 MONTH), INTERVAL 1 YEAR), 'C'),
  (UUID_TO_BIN(UUID()), 'PLATE_B', 200, DATE_SUB(DATE_SUB(NOW(), INTERVAL 2 MONTH), INTERVAL 1 YEAR), 'C'),
  (UUID_TO_BIN(UUID()), 'PLATE_C', 400, DATE_SUB(DATE_SUB(NOW(), INTERVAL 3 MONTH), INTERVAL 1 YEAR), 'C'),
  (UUID_TO_BIN(UUID()), 'PLATE_D', 500, DATE_SUB(DATE_SUB(NOW(), INTERVAL 4 MONTH), INTERVAL 1 YEAR), 'C'),
  (UUID_TO_BIN(UUID()), 'PLATE_D', 600, DATE_SUB(DATE_SUB(NOW(), INTERVAL 5 MONTH), INTERVAL 1 YEAR), 'C'),
  (UUID_TO_BIN(UUID()), 'PLATE_B', 630, DATE_SUB(DATE_SUB(NOW(), INTERVAL 6 MONTH), INTERVAL 1 YEAR), 'C'),
  (UUID_TO_BIN(UUID()), 'PLATE_C', 620, DATE_SUB(DATE_SUB(NOW(), INTERVAL 7 MONTH), INTERVAL 1 YEAR), 'C'),
  (UUID_TO_BIN(UUID()), 'PLATE_A', 1300, DATE_SUB(DATE_SUB(NOW(), INTERVAL 1 MONTH), INTERVAL 1 YEAR), 'C'),
  (UUID_TO_BIN(UUID()), 'PLATE_B', 200, DATE_SUB(DATE_SUB(NOW(), INTERVAL 2 MONTH), INTERVAL 1 YEAR), 'D'),
  (UUID_TO_BIN(UUID()), 'PLATE_C', 400, DATE_SUB(DATE_SUB(NOW(), INTERVAL 3 MONTH), INTERVAL 1 YEAR), 'D'),
  (UUID_TO_BIN(UUID()), 'PLATE_D', 500, DATE_SUB(DATE_SUB(NOW(), INTERVAL 4 MONTH), INTERVAL 1 YEAR), 'D'),
  (UUID_TO_BIN(UUID()), 'PLATE_D', 600, DATE_SUB(DATE_SUB(NOW(), INTERVAL 5 MONTH), INTERVAL 1 YEAR), 'D'),
  (UUID_TO_BIN(UUID()), 'PLATE_B', 630, DATE_SUB(DATE_SUB(NOW(), INTERVAL 6 MONTH), INTERVAL 1 YEAR), 'D'),
  (UUID_TO_BIN(UUID()), 'PLATE_C', 620, DATE_SUB(DATE_SUB(NOW(), INTERVAL 7 MONTH), INTERVAL 1 YEAR), 'D'),
  (UUID_TO_BIN(UUID()), 'PLATE_A', 1300,DATE_SUB(DATE_SUB(NOW(), INTERVAL 1 MONTH), INTERVAL 2 YEAR), 'A'),
  (UUID_TO_BIN(UUID()), 'PLATE_B', 200, DATE_SUB(DATE_SUB(NOW(), INTERVAL 2 MONTH), INTERVAL 2 YEAR), 'A'),
  (UUID_TO_BIN(UUID()), 'PLATE_C', 400, DATE_SUB(DATE_SUB(NOW(), INTERVAL 3 MONTH), INTERVAL 2 YEAR), 'A'),
  (UUID_TO_BIN(UUID()), 'PLATE_D', 500, DATE_SUB(DATE_SUB(NOW(), INTERVAL 4 MONTH), INTERVAL 2 YEAR), 'A'),
  (UUID_TO_BIN(UUID()), 'PLATE_D', 600, DATE_SUB(DATE_SUB(NOW(), INTERVAL 5 MONTH), INTERVAL 2 YEAR), 'A'),
  (UUID_TO_BIN(UUID()), 'PLATE_B', 630, DATE_SUB(DATE_SUB(NOW(), INTERVAL 6 MONTH), INTERVAL 2 YEAR), 'A'),
  (UUID_TO_BIN(UUID()), 'PLATE_C', 620, DATE_SUB(DATE_SUB(NOW(), INTERVAL 7 MONTH), INTERVAL 2 YEAR), 'A'),
  (UUID_TO_BIN(UUID()), 'PLATE_A', 610, DATE_SUB(DATE_SUB(NOW(), INTERVAL 8 MONTH), INTERVAL 2 YEAR), 'A'),
  (UUID_TO_BIN(UUID()), 'PLATE_A', 1300, DATE_SUB(DATE_SUB(NOW(), INTERVAL 1 MONTH), INTERVAL 2 YEAR), 'B'),
  (UUID_TO_BIN(UUID()), 'PLATE_B', 200, DATE_SUB(DATE_SUB(NOW(), INTERVAL 2 MONTH), INTERVAL 2 YEAR), 'B'),
  (UUID_TO_BIN(UUID()), 'PLATE_C', 400, DATE_SUB(DATE_SUB(NOW(), INTERVAL 3 MONTH), INTERVAL 2 YEAR), 'B'),
  (UUID_TO_BIN(UUID()), 'PLATE_D', 500, DATE_SUB(DATE_SUB(NOW(), INTERVAL 4 MONTH), INTERVAL 2 YEAR), 'B'),
  (UUID_TO_BIN(UUID()), 'PLATE_D', 600, DATE_SUB(DATE_SUB(NOW(), INTERVAL 5 MONTH), INTERVAL 2 YEAR), 'B'),
  (UUID_TO_BIN(UUID()), 'PLATE_B', 630, DATE_SUB(DATE_SUB(NOW(), INTERVAL 6 MONTH), INTERVAL 2 YEAR), 'B'),
  (UUID_TO_BIN(UUID()), 'PLATE_C', 620, DATE_SUB(DATE_SUB(NOW(), INTERVAL 7 MONTH), INTERVAL 2 YEAR), 'B'),
  (UUID_TO_BIN(UUID()), 'PLATE_A', 1300, DATE_SUB(DATE_SUB(NOW(), INTERVAL 1 MONTH), INTERVAL 2 YEAR), 'C'),
  (UUID_TO_BIN(UUID()), 'PLATE_B', 200, DATE_SUB(DATE_SUB(NOW(), INTERVAL 2 MONTH), INTERVAL 2 YEAR), 'C'),
  (UUID_TO_BIN(UUID()), 'PLATE_C', 400, DATE_SUB(DATE_SUB(NOW(), INTERVAL 3 MONTH), INTERVAL 2 YEAR), 'C'),
  (UUID_TO_BIN(UUID()), 'PLATE_D', 500, DATE_SUB(DATE_SUB(NOW(), INTERVAL 4 MONTH), INTERVAL 2 YEAR), 'C'),
  (UUID_TO_BIN(UUID()), 'PLATE_D', 600, DATE_SUB(DATE_SUB(NOW(), INTERVAL 5 MONTH), INTERVAL 2 YEAR), 'C'),
  (UUID_TO_BIN(UUID()), 'PLATE_B', 630, DATE_SUB(DATE_SUB(NOW(), INTERVAL 6 MONTH), INTERVAL 2 YEAR), 'C'),
  (UUID_TO_BIN(UUID()), 'PLATE_C', 620, DATE_SUB(DATE_SUB(NOW(), INTERVAL 7 MONTH), INTERVAL 2 YEAR), 'C'),
  (UUID_TO_BIN(UUID()), 'PLATE_A', 1300, DATE_SUB(DATE_SUB(NOW(), INTERVAL 1 MONTH), INTERVAL 2 YEAR), 'C'),
  (UUID_TO_BIN(UUID()), 'PLATE_B', 200, DATE_SUB(DATE_SUB(NOW(), INTERVAL 2 MONTH), INTERVAL 2 YEAR), 'D'),
  (UUID_TO_BIN(UUID()), 'PLATE_C', 400, DATE_SUB(DATE_SUB(NOW(), INTERVAL 3 MONTH), INTERVAL 2 YEAR), 'D'),
  (UUID_TO_BIN(UUID()), 'PLATE_D', 500, DATE_SUB(DATE_SUB(NOW(), INTERVAL 4 MONTH), INTERVAL 2 YEAR), 'D'),
  (UUID_TO_BIN(UUID()), 'PLATE_D', 600, DATE_SUB(DATE_SUB(NOW(), INTERVAL 5 MONTH), INTERVAL 2 YEAR), 'D'),
  (UUID_TO_BIN(UUID()), 'PLATE_B', 630, DATE_SUB(DATE_SUB(NOW(), INTERVAL 6 MONTH), INTERVAL 2 YEAR), 'D'),
  (UUID_TO_BIN(UUID()), 'PLATE_C', 620, DATE_SUB(DATE_SUB(NOW(), INTERVAL 7 MONTH), INTERVAL 2 YEAR), 'D'),
  (UUID_TO_BIN(UUID()), 'PLATE_A', 1300,DATE_SUB(DATE_SUB(NOW(), INTERVAL 1 MONTH), INTERVAL 3 YEAR), 'A'),
  (UUID_TO_BIN(UUID()), 'PLATE_B', 200, DATE_SUB(DATE_SUB(NOW(), INTERVAL 2 MONTH), INTERVAL 3 YEAR), 'A'),
  (UUID_TO_BIN(UUID()), 'PLATE_C', 400, DATE_SUB(DATE_SUB(NOW(), INTERVAL 3 MONTH), INTERVAL 3 YEAR), 'A'),
  (UUID_TO_BIN(UUID()), 'PLATE_D', 500, DATE_SUB(DATE_SUB(NOW(), INTERVAL 4 MONTH), INTERVAL 3 YEAR), 'A'),
  (UUID_TO_BIN(UUID()), 'PLATE_D', 600, DATE_SUB(DATE_SUB(NOW(), INTERVAL 5 MONTH), INTERVAL 3 YEAR), 'A'),
  (UUID_TO_BIN(UUID()), 'PLATE_B', 630, DATE_SUB(DATE_SUB(NOW(), INTERVAL 6 MONTH), INTERVAL 3 YEAR), 'A'),
  (UUID_TO_BIN(UUID()), 'PLATE_C', 620, DATE_SUB(DATE_SUB(NOW(), INTERVAL 7 MONTH), INTERVAL 3 YEAR), 'A'),
  (UUID_TO_BIN(UUID()), 'PLATE_A', 610, DATE_SUB(DATE_SUB(NOW(), INTERVAL 8 MONTH), INTERVAL 3 YEAR), 'A'),
  (UUID_TO_BIN(UUID()), 'PLATE_A', 1300, DATE_SUB(DATE_SUB(NOW(), INTERVAL 1 MONTH), INTERVAL 3 YEAR), 'B'),
  (UUID_TO_BIN(UUID()), 'PLATE_B', 200, DATE_SUB(DATE_SUB(NOW(), INTERVAL 2 MONTH), INTERVAL 3 YEAR), 'B'),
  (UUID_TO_BIN(UUID()), 'PLATE_C', 400, DATE_SUB(DATE_SUB(NOW(), INTERVAL 3 MONTH), INTERVAL 3 YEAR), 'B'),
  (UUID_TO_BIN(UUID()), 'PLATE_D', 500, DATE_SUB(DATE_SUB(NOW(), INTERVAL 4 MONTH), INTERVAL 3 YEAR), 'B'),
  (UUID_TO_BIN(UUID()), 'PLATE_D', 600, DATE_SUB(DATE_SUB(NOW(), INTERVAL 5 MONTH), INTERVAL 3 YEAR), 'B'),
  (UUID_TO_BIN(UUID()), 'PLATE_B', 630, DATE_SUB(DATE_SUB(NOW(), INTERVAL 6 MONTH), INTERVAL 3 YEAR), 'B'),
  (UUID_TO_BIN(UUID()), 'PLATE_C', 620, DATE_SUB(DATE_SUB(NOW(), INTERVAL 7 MONTH), INTERVAL 3 YEAR), 'B'),
  (UUID_TO_BIN(UUID()), 'PLATE_A', 1300, DATE_SUB(DATE_SUB(NOW(), INTERVAL 1 MONTH), INTERVAL 3 YEAR), 'C'),
  (UUID_TO_BIN(UUID()), 'PLATE_B', 200, DATE_SUB(DATE_SUB(NOW(), INTERVAL 2 MONTH), INTERVAL 3 YEAR), 'C'),
  (UUID_TO_BIN(UUID()), 'PLATE_C', 400, DATE_SUB(DATE_SUB(NOW(), INTERVAL 3 MONTH), INTERVAL 3 YEAR), 'C'),
  (UUID_TO_BIN(UUID()), 'PLATE_D', 500, DATE_SUB(DATE_SUB(NOW(), INTERVAL 4 MONTH), INTERVAL 3 YEAR), 'C'),
  (UUID_TO_BIN(UUID()), 'PLATE_D', 600, DATE_SUB(DATE_SUB(NOW(), INTERVAL 5 MONTH), INTERVAL 3 YEAR), 'C'),
  (UUID_TO_BIN(UUID()), 'PLATE_B', 630, DATE_SUB(DATE_SUB(NOW(), INTERVAL 6 MONTH), INTERVAL 3 YEAR), 'C'),
  (UUID_TO_BIN(UUID()), 'PLATE_C', 620, DATE_SUB(DATE_SUB(NOW(), INTERVAL 7 MONTH), INTERVAL 3 YEAR), 'C'),
  (UUID_TO_BIN(UUID()), 'PLATE_A', 1300, DATE_SUB(DATE_SUB(NOW(), INTERVAL 1 MONTH), INTERVAL 3 YEAR), 'C'),
  (UUID_TO_BIN(UUID()), 'PLATE_B', 200, DATE_SUB(DATE_SUB(NOW(), INTERVAL 2 MONTH), INTERVAL 3 YEAR), 'D'),
  (UUID_TO_BIN(UUID()), 'PLATE_C', 400, DATE_SUB(DATE_SUB(NOW(), INTERVAL 3 MONTH), INTERVAL 3 YEAR), 'D'),
  (UUID_TO_BIN(UUID()), 'PLATE_D', 500, DATE_SUB(DATE_SUB(NOW(), INTERVAL 4 MONTH), INTERVAL 3 YEAR), 'D'),
  (UUID_TO_BIN(UUID()), 'PLATE_D', 600, DATE_SUB(DATE_SUB(NOW(), INTERVAL 5 MONTH), INTERVAL 3 YEAR), 'D'),
  (UUID_TO_BIN(UUID()), 'PLATE_B', 630, DATE_SUB(DATE_SUB(NOW(), INTERVAL 6 MONTH), INTERVAL 3 YEAR), 'D'),
  (UUID_TO_BIN(UUID()), 'PLATE_C', 620, DATE_SUB(DATE_SUB(NOW(), INTERVAL 7 MONTH), INTERVAL 3 YEAR), 'D'),
  (UUID_TO_BIN(UUID()), 'PLATE_A', 1300,DATE_SUB(DATE_SUB(NOW(), INTERVAL 1 MONTH), INTERVAL 3 YEAR), 'A'),
  (UUID_TO_BIN(UUID()), 'PLATE_B', 200, DATE_SUB(DATE_SUB(NOW(), INTERVAL 2 MONTH), INTERVAL 4 YEAR), 'A'),
  (UUID_TO_BIN(UUID()), 'PLATE_C', 400, DATE_SUB(DATE_SUB(NOW(), INTERVAL 3 MONTH), INTERVAL 4 YEAR), 'A'),
  (UUID_TO_BIN(UUID()), 'PLATE_D', 500, DATE_SUB(DATE_SUB(NOW(), INTERVAL 4 MONTH), INTERVAL 4 YEAR), 'A'),
  (UUID_TO_BIN(UUID()), 'PLATE_D', 600, DATE_SUB(DATE_SUB(NOW(), INTERVAL 5 MONTH), INTERVAL 4 YEAR), 'A'),
  (UUID_TO_BIN(UUID()), 'PLATE_B', 630, DATE_SUB(DATE_SUB(NOW(), INTERVAL 6 MONTH), INTERVAL 4 YEAR), 'A'),
  (UUID_TO_BIN(UUID()), 'PLATE_C', 620, DATE_SUB(DATE_SUB(NOW(), INTERVAL 7 MONTH), INTERVAL 4 YEAR), 'A'),
  (UUID_TO_BIN(UUID()), 'PLATE_A', 610, DATE_SUB(DATE_SUB(NOW(), INTERVAL 8 MONTH), INTERVAL 4 YEAR), 'A'),
  (UUID_TO_BIN(UUID()), 'PLATE_A', 1300, DATE_SUB(DATE_SUB(NOW(), INTERVAL 1 MONTH), INTERVAL 4 YEAR), 'B'),
  (UUID_TO_BIN(UUID()), 'PLATE_B', 200, DATE_SUB(DATE_SUB(NOW(), INTERVAL 2 MONTH), INTERVAL 4 YEAR), 'B'),
  (UUID_TO_BIN(UUID()), 'PLATE_C', 400, DATE_SUB(DATE_SUB(NOW(), INTERVAL 3 MONTH), INTERVAL 4 YEAR), 'B'),
  (UUID_TO_BIN(UUID()), 'PLATE_D', 500, DATE_SUB(DATE_SUB(NOW(), INTERVAL 4 MONTH), INTERVAL 4 YEAR), 'B'),
  (UUID_TO_BIN(UUID()), 'PLATE_D', 600, DATE_SUB(DATE_SUB(NOW(), INTERVAL 5 MONTH), INTERVAL 4 YEAR), 'B'),
  (UUID_TO_BIN(UUID()), 'PLATE_B', 630, DATE_SUB(DATE_SUB(NOW(), INTERVAL 6 MONTH), INTERVAL 4 YEAR), 'B'),
  (UUID_TO_BIN(UUID()), 'PLATE_C', 620, DATE_SUB(DATE_SUB(NOW(), INTERVAL 7 MONTH), INTERVAL 4 YEAR), 'B'),
  (UUID_TO_BIN(UUID()), 'PLATE_A', 1300, DATE_SUB(DATE_SUB(NOW(), INTERVAL 1 MONTH), INTERVAL 4 YEAR), 'C'),
  (UUID_TO_BIN(UUID()), 'PLATE_B', 200, DATE_SUB(DATE_SUB(NOW(), INTERVAL 2 MONTH), INTERVAL 4 YEAR), 'C'),
  (UUID_TO_BIN(UUID()), 'PLATE_C', 400, DATE_SUB(DATE_SUB(NOW(), INTERVAL 3 MONTH), INTERVAL 4 YEAR), 'C'),
  (UUID_TO_BIN(UUID()), 'PLATE_D', 500, DATE_SUB(DATE_SUB(NOW(), INTERVAL 4 MONTH), INTERVAL 4 YEAR), 'C'),
  (UUID_TO_BIN(UUID()), 'PLATE_D', 600, DATE_SUB(DATE_SUB(NOW(), INTERVAL 5 MONTH), INTERVAL 4 YEAR), 'C'),
  (UUID_TO_BIN(UUID()), 'PLATE_B', 630, DATE_SUB(DATE_SUB(NOW(), INTERVAL 6 MONTH), INTERVAL 4 YEAR), 'C'),
  (UUID_TO_BIN(UUID()), 'PLATE_C', 620, DATE_SUB(DATE_SUB(NOW(), INTERVAL 7 MONTH), INTERVAL 4 YEAR), 'C'),
  (UUID_TO_BIN(UUID()), 'PLATE_A', 1300, DATE_SUB(DATE_SUB(NOW(), INTERVAL 1 MONTH), INTERVAL 4 YEAR), 'C'),
  (UUID_TO_BIN(UUID()), 'PLATE_B', 200, DATE_SUB(DATE_SUB(NOW(), INTERVAL 2 MONTH), INTERVAL 4 YEAR), 'D'),
  (UUID_TO_BIN(UUID()), 'PLATE_C', 400, DATE_SUB(DATE_SUB(NOW(), INTERVAL 3 MONTH), INTERVAL 4 YEAR), 'D'),
  (UUID_TO_BIN(UUID()), 'PLATE_D', 500, DATE_SUB(DATE_SUB(NOW(), INTERVAL 4 MONTH), INTERVAL 4 YEAR), 'D'),
  (UUID_TO_BIN(UUID()), 'PLATE_D', 600, DATE_SUB(DATE_SUB(NOW(), INTERVAL 5 MONTH), INTERVAL 4 YEAR), 'D'),
  (UUID_TO_BIN(UUID()), 'PLATE_B', 630, DATE_SUB(DATE_SUB(NOW(), INTERVAL 6 MONTH), INTERVAL 4 YEAR), 'D'),
  (UUID_TO_BIN(UUID()), 'PLATE_C', 620, DATE_SUB(DATE_SUB(NOW(), INTERVAL 7 MONTH), INTERVAL 4 YEAR), 'D'),
  (UUID_TO_BIN(UUID()), 'PLATE_A', 1300,DATE_SUB(DATE_SUB(NOW(), INTERVAL 1 MONTH), INTERVAL 4 YEAR), 'A'),
  (UUID_TO_BIN(UUID()), 'PLATE_B', 200, DATE_SUB(DATE_SUB(NOW(), INTERVAL 2 MONTH), INTERVAL 5 YEAR), 'A'),
  (UUID_TO_BIN(UUID()), 'PLATE_C', 400, DATE_SUB(DATE_SUB(NOW(), INTERVAL 3 MONTH), INTERVAL 5 YEAR), 'A'),
  (UUID_TO_BIN(UUID()), 'PLATE_D', 500, DATE_SUB(DATE_SUB(NOW(), INTERVAL 4 MONTH), INTERVAL 5 YEAR), 'A'),
  (UUID_TO_BIN(UUID()), 'PLATE_D', 600, DATE_SUB(DATE_SUB(NOW(), INTERVAL 5 MONTH), INTERVAL 5 YEAR), 'A'),
  (UUID_TO_BIN(UUID()), 'PLATE_B', 630, DATE_SUB(DATE_SUB(NOW(), INTERVAL 6 MONTH), INTERVAL 5 YEAR), 'A'),
  (UUID_TO_BIN(UUID()), 'PLATE_C', 620, DATE_SUB(DATE_SUB(NOW(), INTERVAL 7 MONTH), INTERVAL 5 YEAR), 'A'),
  (UUID_TO_BIN(UUID()), 'PLATE_A', 610, DATE_SUB(DATE_SUB(NOW(), INTERVAL 8 MONTH), INTERVAL 5 YEAR), 'A'),
  (UUID_TO_BIN(UUID()), 'PLATE_A', 1300, DATE_SUB(DATE_SUB(NOW(), INTERVAL 1 MONTH), INTERVAL 5 YEAR), 'B'),
  (UUID_TO_BIN(UUID()), 'PLATE_B', 200, DATE_SUB(DATE_SUB(NOW(), INTERVAL 2 MONTH), INTERVAL 5 YEAR), 'B'),
  (UUID_TO_BIN(UUID()), 'PLATE_C', 400, DATE_SUB(DATE_SUB(NOW(), INTERVAL 3 MONTH), INTERVAL 5 YEAR), 'B'),
  (UUID_TO_BIN(UUID()), 'PLATE_D', 500, DATE_SUB(DATE_SUB(NOW(), INTERVAL 4 MONTH), INTERVAL 5 YEAR), 'B'),
  (UUID_TO_BIN(UUID()), 'PLATE_D', 600, DATE_SUB(DATE_SUB(NOW(), INTERVAL 5 MONTH), INTERVAL 5 YEAR), 'B'),
  (UUID_TO_BIN(UUID()), 'PLATE_B', 630, DATE_SUB(DATE_SUB(NOW(), INTERVAL 6 MONTH), INTERVAL 5 YEAR), 'B'),
  (UUID_TO_BIN(UUID()), 'PLATE_C', 620, DATE_SUB(DATE_SUB(NOW(), INTERVAL 7 MONTH), INTERVAL 5 YEAR), 'B'),
  (UUID_TO_BIN(UUID()), 'PLATE_A', 1300, DATE_SUB(DATE_SUB(NOW(), INTERVAL 1 MONTH), INTERVAL 5 YEAR), 'C'),
  (UUID_TO_BIN(UUID()), 'PLATE_B', 200, DATE_SUB(DATE_SUB(NOW(), INTERVAL 2 MONTH), INTERVAL 5 YEAR), 'C'),
  (UUID_TO_BIN(UUID()), 'PLATE_C', 400, DATE_SUB(DATE_SUB(NOW(), INTERVAL 3 MONTH), INTERVAL 5 YEAR), 'C'),
  (UUID_TO_BIN(UUID()), 'PLATE_D', 500, DATE_SUB(DATE_SUB(NOW(), INTERVAL 4 MONTH), INTERVAL 5 YEAR), 'C'),
  (UUID_TO_BIN(UUID()), 'PLATE_D', 600, DATE_SUB(DATE_SUB(NOW(), INTERVAL 5 MONTH), INTERVAL 5 YEAR), 'C'),
  (UUID_TO_BIN(UUID()), 'PLATE_B', 630, DATE_SUB(DATE_SUB(NOW(), INTERVAL 6 MONTH), INTERVAL 5 YEAR), 'C'),
  (UUID_TO_BIN(UUID()), 'PLATE_C', 620, DATE_SUB(DATE_SUB(NOW(), INTERVAL 7 MONTH), INTERVAL 5 YEAR), 'C'),
  (UUID_TO_BIN(UUID()), 'PLATE_A', 1300, DATE_SUB(DATE_SUB(NOW(), INTERVAL 1 MONTH), INTERVAL 5 YEAR), 'C'),
  (UUID_TO_BIN(UUID()), 'PLATE_B', 200, DATE_SUB(DATE_SUB(NOW(), INTERVAL 2 MONTH), INTERVAL 5 YEAR), 'D'),
  (UUID_TO_BIN(UUID()), 'PLATE_C', 400, DATE_SUB(DATE_SUB(NOW(), INTERVAL 3 MONTH), INTERVAL 5 YEAR), 'D'),
  (UUID_TO_BIN(UUID()), 'PLATE_D', 500, DATE_SUB(DATE_SUB(NOW(), INTERVAL 4 MONTH), INTERVAL 5 YEAR), 'D'),
  (UUID_TO_BIN(UUID()), 'PLATE_D', 600, DATE_SUB(DATE_SUB(NOW(), INTERVAL 5 MONTH), INTERVAL 5 YEAR), 'D'),
  (UUID_TO_BIN(UUID()), 'PLATE_B', 630, DATE_SUB(DATE_SUB(NOW(), INTERVAL 6 MONTH), INTERVAL 5 YEAR), 'D'),
  (UUID_TO_BIN(UUID()), 'PLATE_C', 620, DATE_SUB(DATE_SUB(NOW(), INTERVAL 7 MONTH), INTERVAL 5 YEAR), 'D'),
  (UUID_TO_BIN(UUID()), 'PLATE_A', 1300,DATE_SUB(DATE_SUB(NOW(), INTERVAL 1 MONTH), INTERVAL 6 YEAR), 'A'),
  (UUID_TO_BIN(UUID()), 'PLATE_B', 200, DATE_SUB(DATE_SUB(NOW(), INTERVAL 2 MONTH), INTERVAL 6 YEAR), 'A'),
  (UUID_TO_BIN(UUID()), 'PLATE_C', 400, DATE_SUB(DATE_SUB(NOW(), INTERVAL 3 MONTH), INTERVAL 6 YEAR), 'A'),
  (UUID_TO_BIN(UUID()), 'PLATE_D', 500, DATE_SUB(DATE_SUB(NOW(), INTERVAL 4 MONTH), INTERVAL 6 YEAR), 'A'),
  (UUID_TO_BIN(UUID()), 'PLATE_D', 600, DATE_SUB(DATE_SUB(NOW(), INTERVAL 5 MONTH), INTERVAL 6 YEAR), 'A'),
  (UUID_TO_BIN(UUID()), 'PLATE_B', 630, DATE_SUB(DATE_SUB(NOW(), INTERVAL 6 MONTH), INTERVAL 6 YEAR), 'A'),
  (UUID_TO_BIN(UUID()), 'PLATE_C', 620, DATE_SUB(DATE_SUB(NOW(), INTERVAL 7 MONTH), INTERVAL 6 YEAR), 'A'),
  (UUID_TO_BIN(UUID()), 'PLATE_A', 610, DATE_SUB(DATE_SUB(NOW(), INTERVAL 8 MONTH), INTERVAL 6 YEAR), 'A'),
  (UUID_TO_BIN(UUID()), 'PLATE_A', 1300, DATE_SUB(DATE_SUB(NOW(), INTERVAL 1 MONTH), INTERVAL 6 YEAR), 'B'),
  (UUID_TO_BIN(UUID()), 'PLATE_B', 200, DATE_SUB(DATE_SUB(NOW(), INTERVAL 2 MONTH), INTERVAL 6 YEAR), 'B'),
  (UUID_TO_BIN(UUID()), 'PLATE_C', 400, DATE_SUB(DATE_SUB(NOW(), INTERVAL 3 MONTH), INTERVAL 6 YEAR), 'B'),
  (UUID_TO_BIN(UUID()), 'PLATE_D', 500, DATE_SUB(DATE_SUB(NOW(), INTERVAL 4 MONTH), INTERVAL 6 YEAR), 'B'),
  (UUID_TO_BIN(UUID()), 'PLATE_D', 600, DATE_SUB(DATE_SUB(NOW(), INTERVAL 5 MONTH), INTERVAL 6 YEAR), 'B'),
  (UUID_TO_BIN(UUID()), 'PLATE_B', 630, DATE_SUB(DATE_SUB(NOW(), INTERVAL 6 MONTH), INTERVAL 6 YEAR), 'B'),
  (UUID_TO_BIN(UUID()), 'PLATE_C', 620, DATE_SUB(DATE_SUB(NOW(), INTERVAL 7 MONTH), INTERVAL 6 YEAR), 'B'),
  (UUID_TO_BIN(UUID()), 'PLATE_A', 1300, DATE_SUB(DATE_SUB(NOW(), INTERVAL 1 MONTH), INTERVAL 6 YEAR), 'C'),
  (UUID_TO_BIN(UUID()), 'PLATE_B', 200, DATE_SUB(DATE_SUB(NOW(), INTERVAL 2 MONTH), INTERVAL 6 YEAR), 'C'),
  (UUID_TO_BIN(UUID()), 'PLATE_C', 400, DATE_SUB(DATE_SUB(NOW(), INTERVAL 3 MONTH), INTERVAL 6 YEAR), 'C'),
  (UUID_TO_BIN(UUID()), 'PLATE_D', 500, DATE_SUB(DATE_SUB(NOW(), INTERVAL 4 MONTH), INTERVAL 6 YEAR), 'C'),
  (UUID_TO_BIN(UUID()), 'PLATE_D', 600, DATE_SUB(DATE_SUB(NOW(), INTERVAL 5 MONTH), INTERVAL 6 YEAR), 'C'),
  (UUID_TO_BIN(UUID()), 'PLATE_B', 630, DATE_SUB(DATE_SUB(NOW(), INTERVAL 6 MONTH), INTERVAL 6 YEAR), 'C'),
  (UUID_TO_BIN(UUID()), 'PLATE_C', 620, DATE_SUB(DATE_SUB(NOW(), INTERVAL 7 MONTH), INTERVAL 6 YEAR), 'C'),
  (UUID_TO_BIN(UUID()), 'PLATE_A', 1300, DATE_SUB(DATE_SUB(NOW(), INTERVAL 1 MONTH), INTERVAL 6 YEAR), 'C'),
  (UUID_TO_BIN(UUID()), 'PLATE_B', 200, DATE_SUB(DATE_SUB(NOW(), INTERVAL 2 MONTH), INTERVAL 6 YEAR), 'D'),
  (UUID_TO_BIN(UUID()), 'PLATE_C', 400, DATE_SUB(DATE_SUB(NOW(), INTERVAL 3 MONTH), INTERVAL 6 YEAR), 'D'),
  (UUID_TO_BIN(UUID()), 'PLATE_D', 500, DATE_SUB(DATE_SUB(NOW(), INTERVAL 4 MONTH), INTERVAL 6 YEAR), 'D'),
  (UUID_TO_BIN(UUID()), 'PLATE_D', 600, DATE_SUB(DATE_SUB(NOW(), INTERVAL 5 MONTH), INTERVAL 6 YEAR), 'D'),
  (UUID_TO_BIN(UUID()), 'PLATE_B', 630, DATE_SUB(DATE_SUB(NOW(), INTERVAL 6 MONTH), INTERVAL 6 YEAR), 'D'),
  (UUID_TO_BIN(UUID()), 'PLATE_C', 620, DATE_SUB(DATE_SUB(NOW(), INTERVAL 7 MONTH), INTERVAL 6 YEAR), 'D');
UNLOCK TABLES;



LOCK TABLES `archive_violation` WRITE;
INSERT INTO `archive_violation` (`uuid`, `operator_id`, `vehicule_plate`, `fee_amount`, `date_creation`, `zone_name`) VALUES 
  (UUID_TO_BIN(UUID()), 1, 'PLATE_A', 2900, DATE_SUB(NOW(), INTERVAL 1 MONTH), 'A'),
  (UUID_TO_BIN(UUID()), 1, 'PLATE_A', 2600, DATE_SUB(NOW(), INTERVAL 2 MONTH), 'A'),
  (UUID_TO_BIN(UUID()), 1, 'PLATE_A', 2700, DATE_SUB(NOW(), INTERVAL 3 MONTH), 'A'),
  (UUID_TO_BIN(UUID()), 2, 'PLATE_A', 3000, DATE_SUB(NOW(), INTERVAL 4 MONTH), 'A'),
  (UUID_TO_BIN(UUID()), 2, 'PLATE_B', 3100, DATE_SUB(NOW(), INTERVAL 5 MONTH), 'A'),
  (UUID_TO_BIN(UUID()), 3, 'PLATE_B', 3200, DATE_SUB(NOW(), INTERVAL 6 MONTH), 'A'),
  (UUID_TO_BIN(UUID()), 4, 'PLATE_B', 3300, DATE_SUB(NOW(), INTERVAL 7 MONTH), 'A'),
  (UUID_TO_BIN(UUID()), 1, 'PLATE_A', 2900, DATE_SUB(NOW(), INTERVAL 1 MONTH), 'B'),
  (UUID_TO_BIN(UUID()), 1, 'PLATE_A', 2600, DATE_SUB(NOW(), INTERVAL 2 MONTH), 'B'),
  (UUID_TO_BIN(UUID()), 1, 'PLATE_A', 2700, DATE_SUB(NOW(), INTERVAL 3 MONTH), 'B'),
  (UUID_TO_BIN(UUID()), 2, 'PLATE_A', 3000, DATE_SUB(NOW(), INTERVAL 4 MONTH), 'B'),
  (UUID_TO_BIN(UUID()), 2, 'PLATE_B', 3100, DATE_SUB(NOW(), INTERVAL 5 MONTH), 'B'),
  (UUID_TO_BIN(UUID()), 3, 'PLATE_B', 3200, DATE_SUB(NOW(), INTERVAL 6 MONTH), 'B'),
  (UUID_TO_BIN(UUID()), 4, 'PLATE_B', 3300, DATE_SUB(NOW(), INTERVAL 7 MONTH), 'B'),
  (UUID_TO_BIN(UUID()), 1, 'PLATE_A', 2900, DATE_SUB(NOW(), INTERVAL 1 MONTH), 'B'),
  (UUID_TO_BIN(UUID()), 1, 'PLATE_A', 2600, DATE_SUB(NOW(), INTERVAL 2 MONTH), 'C'),
  (UUID_TO_BIN(UUID()), 1, 'PLATE_A', 2700, DATE_SUB(NOW(), INTERVAL 3 MONTH), 'C'),
  (UUID_TO_BIN(UUID()), 2, 'PLATE_A', 3000, DATE_SUB(NOW(), INTERVAL 4 MONTH), 'C'),
  (UUID_TO_BIN(UUID()), 2, 'PLATE_B', 3100, DATE_SUB(NOW(), INTERVAL 5 MONTH), 'C'),
  (UUID_TO_BIN(UUID()), 3, 'PLATE_B', 3200, DATE_SUB(NOW(), INTERVAL 6 MONTH), 'C'),
  (UUID_TO_BIN(UUID()), 4, 'PLATE_B', 3300, DATE_SUB(NOW(), INTERVAL 7 MONTH), 'C'),
  (UUID_TO_BIN(UUID()), 1, 'PLATE_A', 2900, DATE_SUB(NOW(), INTERVAL 1 MONTH), 'C'),
  (UUID_TO_BIN(UUID()), 1, 'PLATE_A', 2600, DATE_SUB(NOW(), INTERVAL 2 MONTH), 'D'),
  (UUID_TO_BIN(UUID()), 1, 'PLATE_A', 2700, DATE_SUB(NOW(), INTERVAL 3 MONTH), 'D'),
  (UUID_TO_BIN(UUID()), 2, 'PLATE_A', 3000, DATE_SUB(NOW(), INTERVAL 4 MONTH), 'D'),
  (UUID_TO_BIN(UUID()), 2, 'PLATE_B', 3100, DATE_SUB(NOW(), INTERVAL 5 MONTH), 'D'),
  (UUID_TO_BIN(UUID()), 3, 'PLATE_B', 3200, DATE_SUB(NOW(), INTERVAL 6 MONTH), 'D'),
  (UUID_TO_BIN(UUID()), 4, 'PLATE_B', 3300, DATE_SUB(NOW(), INTERVAL 7 MONTH), 'D'),
  (UUID_TO_BIN(UUID()), 1, 'PLATE_A', 2900, DATE_SUB(DATE_SUB(NOW(), INTERVAL 1 MONTH), INTERVAL 1 YEAR), 'A'),
  (UUID_TO_BIN(UUID()), 1, 'PLATE_A', 2600, DATE_SUB(DATE_SUB(NOW(), INTERVAL 2 MONTH), INTERVAL 1 YEAR), 'A'),
  (UUID_TO_BIN(UUID()), 1, 'PLATE_A', 2700, DATE_SUB(DATE_SUB(NOW(), INTERVAL 3 MONTH), INTERVAL 1 YEAR), 'A'),
  (UUID_TO_BIN(UUID()), 2, 'PLATE_A', 3000, DATE_SUB(DATE_SUB(NOW(), INTERVAL 4 MONTH), INTERVAL 1 YEAR), 'A'),
  (UUID_TO_BIN(UUID()), 2, 'PLATE_B', 3100, DATE_SUB(DATE_SUB(NOW(), INTERVAL 5 MONTH), INTERVAL 1 YEAR), 'A'),
  (UUID_TO_BIN(UUID()), 3, 'PLATE_B', 3200, DATE_SUB(DATE_SUB(NOW(), INTERVAL 6 MONTH), INTERVAL 1 YEAR), 'A'),
  (UUID_TO_BIN(UUID()), 4, 'PLATE_B', 3300, DATE_SUB(DATE_SUB(NOW(), INTERVAL 7 MONTH), INTERVAL 1 YEAR), 'A'),
  (UUID_TO_BIN(UUID()), 1, 'PLATE_A', 2900, DATE_SUB(DATE_SUB(NOW(), INTERVAL 1 MONTH), INTERVAL 1 YEAR), 'B'),
  (UUID_TO_BIN(UUID()), 1, 'PLATE_A', 2600, DATE_SUB(DATE_SUB(NOW(), INTERVAL 2 MONTH), INTERVAL 1 YEAR), 'B'),
  (UUID_TO_BIN(UUID()), 1, 'PLATE_A', 2700, DATE_SUB(DATE_SUB(NOW(), INTERVAL 3 MONTH), INTERVAL 1 YEAR), 'B'),
  (UUID_TO_BIN(UUID()), 2, 'PLATE_A', 3000, DATE_SUB(DATE_SUB(NOW(), INTERVAL 4 MONTH), INTERVAL 1 YEAR), 'B'),
  (UUID_TO_BIN(UUID()), 2, 'PLATE_B', 3100, DATE_SUB(DATE_SUB(NOW(), INTERVAL 5 MONTH), INTERVAL 1 YEAR), 'B'),
  (UUID_TO_BIN(UUID()), 3, 'PLATE_B', 3200, DATE_SUB(DATE_SUB(NOW(), INTERVAL 6 MONTH), INTERVAL 1 YEAR), 'B'),
  (UUID_TO_BIN(UUID()), 4, 'PLATE_B', 3300, DATE_SUB(DATE_SUB(NOW(), INTERVAL 7 MONTH), INTERVAL 1 YEAR), 'B'),
  (UUID_TO_BIN(UUID()), 1, 'PLATE_A', 2900, DATE_SUB(DATE_SUB(NOW(), INTERVAL 1 MONTH), INTERVAL 1 YEAR), 'B'),
  (UUID_TO_BIN(UUID()), 1, 'PLATE_A', 2600, DATE_SUB(DATE_SUB(NOW(), INTERVAL 2 MONTH), INTERVAL 1 YEAR), 'C'),
  (UUID_TO_BIN(UUID()), 1, 'PLATE_A', 2700, DATE_SUB(DATE_SUB(NOW(), INTERVAL 3 MONTH), INTERVAL 1 YEAR), 'C'),
  (UUID_TO_BIN(UUID()), 2, 'PLATE_A', 3000, DATE_SUB(DATE_SUB(NOW(), INTERVAL 4 MONTH), INTERVAL 1 YEAR), 'C'),
  (UUID_TO_BIN(UUID()), 2, 'PLATE_B', 3100, DATE_SUB(DATE_SUB(NOW(), INTERVAL 5 MONTH), INTERVAL 1 YEAR), 'C'),
  (UUID_TO_BIN(UUID()), 3, 'PLATE_B', 3200, DATE_SUB(DATE_SUB(NOW(), INTERVAL 6 MONTH), INTERVAL 1 YEAR), 'C'),
  (UUID_TO_BIN(UUID()), 4, 'PLATE_B', 3300, DATE_SUB(DATE_SUB(NOW(), INTERVAL 7 MONTH), INTERVAL 1 YEAR), 'C'),
  (UUID_TO_BIN(UUID()), 1, 'PLATE_A', 2900, DATE_SUB(DATE_SUB(NOW(), INTERVAL 1 MONTH), INTERVAL 1 YEAR), 'C'),
  (UUID_TO_BIN(UUID()), 1, 'PLATE_A', 2600, DATE_SUB(DATE_SUB(NOW(), INTERVAL 2 MONTH), INTERVAL 1 YEAR), 'D'),
  (UUID_TO_BIN(UUID()), 1, 'PLATE_A', 2700, DATE_SUB(DATE_SUB(NOW(), INTERVAL 3 MONTH), INTERVAL 1 YEAR), 'D'),
  (UUID_TO_BIN(UUID()), 2, 'PLATE_A', 3000, DATE_SUB(DATE_SUB(NOW(), INTERVAL 4 MONTH), INTERVAL 1 YEAR), 'D'),
  (UUID_TO_BIN(UUID()), 2, 'PLATE_B', 3100, DATE_SUB(DATE_SUB(NOW(), INTERVAL 5 MONTH), INTERVAL 1 YEAR), 'D'),
  (UUID_TO_BIN(UUID()), 3, 'PLATE_B', 3200, DATE_SUB(DATE_SUB(NOW(), INTERVAL 6 MONTH), INTERVAL 1 YEAR), 'D'),
  (UUID_TO_BIN(UUID()), 4, 'PLATE_B', 3300, DATE_SUB(DATE_SUB(NOW(), INTERVAL 7 MONTH), INTERVAL 1 YEAR), 'D'),
  (UUID_TO_BIN(UUID()), 1, 'PLATE_A', 2900, DATE_SUB(DATE_SUB(NOW(), INTERVAL 1 MONTH), INTERVAL 2 YEAR), 'A'),
  (UUID_TO_BIN(UUID()), 1, 'PLATE_A', 2600, DATE_SUB(DATE_SUB(NOW(), INTERVAL 2 MONTH), INTERVAL 2 YEAR), 'A'),
  (UUID_TO_BIN(UUID()), 1, 'PLATE_A', 2700, DATE_SUB(DATE_SUB(NOW(), INTERVAL 3 MONTH), INTERVAL 2 YEAR), 'A'),
  (UUID_TO_BIN(UUID()), 2, 'PLATE_A', 3000, DATE_SUB(DATE_SUB(NOW(), INTERVAL 4 MONTH), INTERVAL 2 YEAR), 'A'),
  (UUID_TO_BIN(UUID()), 2, 'PLATE_B', 3100, DATE_SUB(DATE_SUB(NOW(), INTERVAL 5 MONTH), INTERVAL 2 YEAR), 'A'),
  (UUID_TO_BIN(UUID()), 3, 'PLATE_B', 3200, DATE_SUB(DATE_SUB(NOW(), INTERVAL 6 MONTH), INTERVAL 2 YEAR), 'A'),
  (UUID_TO_BIN(UUID()), 4, 'PLATE_B', 3300, DATE_SUB(DATE_SUB(NOW(), INTERVAL 7 MONTH), INTERVAL 2 YEAR), 'A'),
  (UUID_TO_BIN(UUID()), 1, 'PLATE_A', 2900, DATE_SUB(DATE_SUB(NOW(), INTERVAL 1 MONTH), INTERVAL 2 YEAR), 'B'),
  (UUID_TO_BIN(UUID()), 1, 'PLATE_A', 2600, DATE_SUB(DATE_SUB(NOW(), INTERVAL 2 MONTH), INTERVAL 2 YEAR), 'B'),
  (UUID_TO_BIN(UUID()), 1, 'PLATE_A', 2700, DATE_SUB(DATE_SUB(NOW(), INTERVAL 3 MONTH), INTERVAL 2 YEAR), 'B'),
  (UUID_TO_BIN(UUID()), 2, 'PLATE_A', 3000, DATE_SUB(DATE_SUB(NOW(), INTERVAL 4 MONTH), INTERVAL 2 YEAR), 'B'),
  (UUID_TO_BIN(UUID()), 2, 'PLATE_B', 3100, DATE_SUB(DATE_SUB(NOW(), INTERVAL 5 MONTH), INTERVAL 2 YEAR), 'B'),
  (UUID_TO_BIN(UUID()), 3, 'PLATE_B', 3200, DATE_SUB(DATE_SUB(NOW(), INTERVAL 6 MONTH), INTERVAL 2 YEAR), 'B'),
  (UUID_TO_BIN(UUID()), 4, 'PLATE_B', 3300, DATE_SUB(DATE_SUB(NOW(), INTERVAL 7 MONTH), INTERVAL 2 YEAR), 'B'),
  (UUID_TO_BIN(UUID()), 1, 'PLATE_A', 2900, DATE_SUB(DATE_SUB(NOW(), INTERVAL 1 MONTH), INTERVAL 2 YEAR), 'B'),
  (UUID_TO_BIN(UUID()), 1, 'PLATE_A', 2600, DATE_SUB(DATE_SUB(NOW(), INTERVAL 2 MONTH), INTERVAL 2 YEAR), 'C'),
  (UUID_TO_BIN(UUID()), 1, 'PLATE_A', 2700, DATE_SUB(DATE_SUB(NOW(), INTERVAL 3 MONTH), INTERVAL 2 YEAR), 'C'),
  (UUID_TO_BIN(UUID()), 2, 'PLATE_A', 3000, DATE_SUB(DATE_SUB(NOW(), INTERVAL 4 MONTH), INTERVAL 2 YEAR), 'C'),
  (UUID_TO_BIN(UUID()), 2, 'PLATE_B', 3100, DATE_SUB(DATE_SUB(NOW(), INTERVAL 5 MONTH), INTERVAL 2 YEAR), 'C'),
  (UUID_TO_BIN(UUID()), 3, 'PLATE_B', 3200, DATE_SUB(DATE_SUB(NOW(), INTERVAL 6 MONTH), INTERVAL 2 YEAR), 'C'),
  (UUID_TO_BIN(UUID()), 4, 'PLATE_B', 3300, DATE_SUB(DATE_SUB(NOW(), INTERVAL 7 MONTH), INTERVAL 2 YEAR), 'C'),
  (UUID_TO_BIN(UUID()), 1, 'PLATE_A', 2900, DATE_SUB(DATE_SUB(NOW(), INTERVAL 1 MONTH), INTERVAL 2 YEAR), 'C'),
  (UUID_TO_BIN(UUID()), 1, 'PLATE_A', 2600, DATE_SUB(DATE_SUB(NOW(), INTERVAL 2 MONTH), INTERVAL 2 YEAR), 'D'),
  (UUID_TO_BIN(UUID()), 1, 'PLATE_A', 2700, DATE_SUB(DATE_SUB(NOW(), INTERVAL 3 MONTH), INTERVAL 2 YEAR), 'D'),
  (UUID_TO_BIN(UUID()), 2, 'PLATE_A', 3000, DATE_SUB(DATE_SUB(NOW(), INTERVAL 4 MONTH), INTERVAL 2 YEAR), 'D'),
  (UUID_TO_BIN(UUID()), 2, 'PLATE_B', 3100, DATE_SUB(DATE_SUB(NOW(), INTERVAL 5 MONTH), INTERVAL 2 YEAR), 'D'),
  (UUID_TO_BIN(UUID()), 3, 'PLATE_B', 3200, DATE_SUB(DATE_SUB(NOW(), INTERVAL 6 MONTH), INTERVAL 2 YEAR), 'D'),
  (UUID_TO_BIN(UUID()), 4, 'PLATE_B', 3300, DATE_SUB(DATE_SUB(NOW(), INTERVAL 7 MONTH), INTERVAL 2 YEAR), 'D'),
  (UUID_TO_BIN(UUID()), 1, 'PLATE_A', 2900, DATE_SUB(DATE_SUB(NOW(), INTERVAL 1 MONTH), INTERVAL 3 YEAR), 'A'),
  (UUID_TO_BIN(UUID()), 1, 'PLATE_A', 2600, DATE_SUB(DATE_SUB(NOW(), INTERVAL 2 MONTH), INTERVAL 3 YEAR), 'A'),
  (UUID_TO_BIN(UUID()), 1, 'PLATE_A', 2700, DATE_SUB(DATE_SUB(NOW(), INTERVAL 3 MONTH), INTERVAL 3 YEAR), 'A'),
  (UUID_TO_BIN(UUID()), 2, 'PLATE_A', 3000, DATE_SUB(DATE_SUB(NOW(), INTERVAL 4 MONTH), INTERVAL 3 YEAR), 'A'),
  (UUID_TO_BIN(UUID()), 2, 'PLATE_B', 3100, DATE_SUB(DATE_SUB(NOW(), INTERVAL 5 MONTH), INTERVAL 3 YEAR), 'A'),
  (UUID_TO_BIN(UUID()), 3, 'PLATE_B', 3200, DATE_SUB(DATE_SUB(NOW(), INTERVAL 6 MONTH), INTERVAL 3 YEAR), 'A'),
  (UUID_TO_BIN(UUID()), 4, 'PLATE_B', 3300, DATE_SUB(DATE_SUB(NOW(), INTERVAL 7 MONTH), INTERVAL 3 YEAR), 'A'),
  (UUID_TO_BIN(UUID()), 1, 'PLATE_A', 2900, DATE_SUB(DATE_SUB(NOW(), INTERVAL 1 MONTH), INTERVAL 3 YEAR), 'B'),
  (UUID_TO_BIN(UUID()), 1, 'PLATE_A', 2600, DATE_SUB(DATE_SUB(NOW(), INTERVAL 2 MONTH), INTERVAL 3 YEAR), 'B'),
  (UUID_TO_BIN(UUID()), 1, 'PLATE_A', 2700, DATE_SUB(DATE_SUB(NOW(), INTERVAL 3 MONTH), INTERVAL 3 YEAR), 'B'),
  (UUID_TO_BIN(UUID()), 2, 'PLATE_A', 3000, DATE_SUB(DATE_SUB(NOW(), INTERVAL 4 MONTH), INTERVAL 3 YEAR), 'B'),
  (UUID_TO_BIN(UUID()), 2, 'PLATE_B', 3100, DATE_SUB(DATE_SUB(NOW(), INTERVAL 5 MONTH), INTERVAL 3 YEAR), 'B'),
  (UUID_TO_BIN(UUID()), 3, 'PLATE_B', 3200, DATE_SUB(DATE_SUB(NOW(), INTERVAL 6 MONTH), INTERVAL 3 YEAR), 'B'),
  (UUID_TO_BIN(UUID()), 4, 'PLATE_B', 3300, DATE_SUB(DATE_SUB(NOW(), INTERVAL 7 MONTH), INTERVAL 3 YEAR), 'B'),
  (UUID_TO_BIN(UUID()), 1, 'PLATE_A', 2900, DATE_SUB(DATE_SUB(NOW(), INTERVAL 1 MONTH), INTERVAL 3 YEAR), 'B'),
  (UUID_TO_BIN(UUID()), 1, 'PLATE_A', 2600, DATE_SUB(DATE_SUB(NOW(), INTERVAL 2 MONTH), INTERVAL 3 YEAR), 'C'),
  (UUID_TO_BIN(UUID()), 1, 'PLATE_A', 2700, DATE_SUB(DATE_SUB(NOW(), INTERVAL 3 MONTH), INTERVAL 3 YEAR), 'C'),
  (UUID_TO_BIN(UUID()), 2, 'PLATE_A', 3000, DATE_SUB(DATE_SUB(NOW(), INTERVAL 4 MONTH), INTERVAL 3 YEAR), 'C'),
  (UUID_TO_BIN(UUID()), 2, 'PLATE_B', 3100, DATE_SUB(DATE_SUB(NOW(), INTERVAL 5 MONTH), INTERVAL 3 YEAR), 'C'),
  (UUID_TO_BIN(UUID()), 3, 'PLATE_B', 3200, DATE_SUB(DATE_SUB(NOW(), INTERVAL 6 MONTH), INTERVAL 3 YEAR), 'C'),
  (UUID_TO_BIN(UUID()), 4, 'PLATE_B', 3300, DATE_SUB(DATE_SUB(NOW(), INTERVAL 7 MONTH), INTERVAL 3 YEAR), 'C'),
  (UUID_TO_BIN(UUID()), 1, 'PLATE_A', 2900, DATE_SUB(DATE_SUB(NOW(), INTERVAL 1 MONTH), INTERVAL 3 YEAR), 'C'),
  (UUID_TO_BIN(UUID()), 1, 'PLATE_A', 2600, DATE_SUB(DATE_SUB(NOW(), INTERVAL 2 MONTH), INTERVAL 3 YEAR), 'D'),
  (UUID_TO_BIN(UUID()), 1, 'PLATE_A', 2700, DATE_SUB(DATE_SUB(NOW(), INTERVAL 3 MONTH), INTERVAL 3 YEAR), 'D'),
  (UUID_TO_BIN(UUID()), 2, 'PLATE_A', 3000, DATE_SUB(DATE_SUB(NOW(), INTERVAL 4 MONTH), INTERVAL 3 YEAR), 'D'),
  (UUID_TO_BIN(UUID()), 2, 'PLATE_B', 3100, DATE_SUB(DATE_SUB(NOW(), INTERVAL 5 MONTH), INTERVAL 3 YEAR), 'D'),
  (UUID_TO_BIN(UUID()), 3, 'PLATE_B', 3200, DATE_SUB(DATE_SUB(NOW(), INTERVAL 6 MONTH), INTERVAL 3 YEAR), 'D'),
  (UUID_TO_BIN(UUID()), 4, 'PLATE_B', 3300, DATE_SUB(DATE_SUB(NOW(), INTERVAL 7 MONTH), INTERVAL 3 YEAR), 'D'),
  (UUID_TO_BIN(UUID()), 1, 'PLATE_A', 2900, DATE_SUB(DATE_SUB(NOW(), INTERVAL 1 MONTH), INTERVAL 4 YEAR), 'A'),
  (UUID_TO_BIN(UUID()), 1, 'PLATE_A', 2600, DATE_SUB(DATE_SUB(NOW(), INTERVAL 2 MONTH), INTERVAL 4 YEAR), 'A'),
  (UUID_TO_BIN(UUID()), 1, 'PLATE_A', 2700, DATE_SUB(DATE_SUB(NOW(), INTERVAL 3 MONTH), INTERVAL 4 YEAR), 'A'),
  (UUID_TO_BIN(UUID()), 2, 'PLATE_A', 3000, DATE_SUB(DATE_SUB(NOW(), INTERVAL 4 MONTH), INTERVAL 4 YEAR), 'A'),
  (UUID_TO_BIN(UUID()), 2, 'PLATE_B', 3100, DATE_SUB(DATE_SUB(NOW(), INTERVAL 5 MONTH), INTERVAL 4 YEAR), 'A'),
  (UUID_TO_BIN(UUID()), 3, 'PLATE_B', 3200, DATE_SUB(DATE_SUB(NOW(), INTERVAL 6 MONTH), INTERVAL 4 YEAR), 'A'),
  (UUID_TO_BIN(UUID()), 4, 'PLATE_B', 3300, DATE_SUB(DATE_SUB(NOW(), INTERVAL 7 MONTH), INTERVAL 4 YEAR), 'A'),
  (UUID_TO_BIN(UUID()), 1, 'PLATE_A', 2900, DATE_SUB(DATE_SUB(NOW(), INTERVAL 1 MONTH), INTERVAL 4 YEAR), 'B'),
  (UUID_TO_BIN(UUID()), 1, 'PLATE_A', 2600, DATE_SUB(DATE_SUB(NOW(), INTERVAL 2 MONTH), INTERVAL 4 YEAR), 'B'),
  (UUID_TO_BIN(UUID()), 1, 'PLATE_A', 2700, DATE_SUB(DATE_SUB(NOW(), INTERVAL 3 MONTH), INTERVAL 4 YEAR), 'B'),
  (UUID_TO_BIN(UUID()), 2, 'PLATE_A', 3000, DATE_SUB(DATE_SUB(NOW(), INTERVAL 4 MONTH), INTERVAL 4 YEAR), 'B'),
  (UUID_TO_BIN(UUID()), 2, 'PLATE_B', 3100, DATE_SUB(DATE_SUB(NOW(), INTERVAL 5 MONTH), INTERVAL 4 YEAR), 'B'),
  (UUID_TO_BIN(UUID()), 3, 'PLATE_B', 3200, DATE_SUB(DATE_SUB(NOW(), INTERVAL 6 MONTH), INTERVAL 4 YEAR), 'B'),
  (UUID_TO_BIN(UUID()), 4, 'PLATE_B', 3300, DATE_SUB(DATE_SUB(NOW(), INTERVAL 7 MONTH), INTERVAL 4 YEAR), 'B'),
  (UUID_TO_BIN(UUID()), 1, 'PLATE_A', 2900, DATE_SUB(DATE_SUB(NOW(), INTERVAL 1 MONTH), INTERVAL 4 YEAR), 'B'),
  (UUID_TO_BIN(UUID()), 1, 'PLATE_A', 2600, DATE_SUB(DATE_SUB(NOW(), INTERVAL 2 MONTH), INTERVAL 4 YEAR), 'C'),
  (UUID_TO_BIN(UUID()), 1, 'PLATE_A', 2700, DATE_SUB(DATE_SUB(NOW(), INTERVAL 3 MONTH), INTERVAL 4 YEAR), 'C'),
  (UUID_TO_BIN(UUID()), 2, 'PLATE_A', 3000, DATE_SUB(DATE_SUB(NOW(), INTERVAL 4 MONTH), INTERVAL 4 YEAR), 'C'),
  (UUID_TO_BIN(UUID()), 2, 'PLATE_B', 3100, DATE_SUB(DATE_SUB(NOW(), INTERVAL 5 MONTH), INTERVAL 4 YEAR), 'C'),
  (UUID_TO_BIN(UUID()), 3, 'PLATE_B', 3200, DATE_SUB(DATE_SUB(NOW(), INTERVAL 6 MONTH), INTERVAL 4 YEAR), 'C'),
  (UUID_TO_BIN(UUID()), 4, 'PLATE_B', 3300, DATE_SUB(DATE_SUB(NOW(), INTERVAL 7 MONTH), INTERVAL 4 YEAR), 'C'),
  (UUID_TO_BIN(UUID()), 1, 'PLATE_A', 2900, DATE_SUB(DATE_SUB(NOW(), INTERVAL 1 MONTH), INTERVAL 4 YEAR), 'C'),
  (UUID_TO_BIN(UUID()), 1, 'PLATE_A', 2600, DATE_SUB(DATE_SUB(NOW(), INTERVAL 2 MONTH), INTERVAL 4 YEAR), 'D'),
  (UUID_TO_BIN(UUID()), 1, 'PLATE_A', 2700, DATE_SUB(DATE_SUB(NOW(), INTERVAL 3 MONTH), INTERVAL 4 YEAR), 'D'),
  (UUID_TO_BIN(UUID()), 2, 'PLATE_A', 3000, DATE_SUB(DATE_SUB(NOW(), INTERVAL 4 MONTH), INTERVAL 4 YEAR), 'D'),
  (UUID_TO_BIN(UUID()), 2, 'PLATE_B', 3100, DATE_SUB(DATE_SUB(NOW(), INTERVAL 5 MONTH), INTERVAL 4 YEAR), 'D'),
  (UUID_TO_BIN(UUID()), 3, 'PLATE_B', 3200, DATE_SUB(DATE_SUB(NOW(), INTERVAL 6 MONTH), INTERVAL 4 YEAR), 'D'),
  (UUID_TO_BIN(UUID()), 4, 'PLATE_B', 3300, DATE_SUB(DATE_SUB(NOW(), INTERVAL 7 MONTH), INTERVAL 4 YEAR), 'D');
UNLOCK TABLES;
